# IERS Bulletin A UT1-UTC (DUT1) snapshot. Generated by scripts/update-dut1-table.py; do not edit.
# source=https://datacenter.iers.org/data/9/finals2000A.all
# bulletin=Vol. XXXIX No. 039 (24 September 2026)
# generated=2026-09-29
# span=2024-01-01..2027-10-02 (MJD 60310..61680)
# last_observed_mjd=61307
# extrapolation=UT1-UTC = -0.0933 -0.00030*(MJD-61315) - (UT2-UT1)
# extrapolation_params=-0.0933 -0.00030 61315
# columns: MJD<TAB>UT1-UTC[s]<TAB>flag (I=IERS observed, P=Bulletin A prediction)
60310	0.0087837	I
60311	0.0084956	I
60312	0.0081219	I
60313	0.0077010	I
60314	0.0072681	I
60315	0.0069473	I
60316	0.0067651	I
60317	0.0067901	I
60318	0.0070491	I
60319	0.0074360	I
60320	0.0078418	I
60321	0.0081782	I
60322	0.0082983	I
60323	0.0081575	I
60324	0.0077759	I
60325	0.0072093	I
60326	0.0065697	I
60327	0.0060196	I
60328	0.0056647	I
60329	0.0055601	I
60330	0.0056454	I
60331	0.0058978	I
60332	0.0062377	I
60333	0.0065538	I
60334	0.0067511	I
60335	0.0068557	I
60336	0.0067817	I
60337	0.0065393	I
60338	0.0060503	I
60339	0.0055114	I
60340	0.0048723	I
60341	0.0042667	I
60342	0.0037387	I
60343	0.0033587	I
60344	0.0031807	I
60345	0.0032021	I
60346	0.0033281	I
60347	0.0035006	I
60348	0.0035892	I
60349	0.0035273	I
60350	0.0031602	I
60351	0.0024162	I
60352	0.0013827	I
60353	0.0002522	I
60354	-0.0008228	I
60355	-0.0017412	I
60356	-0.0024093	I
60357	-0.0028061	I
60358	-0.0029008	I
60359	-0.0027733	I
60360	-0.0025121	I
60361	-0.0022297	I
60362	-0.0019607	I
60363	-0.0017695	I
60364	-0.0017267	I
60365	-0.0018432	I
60366	-0.0021159	I
60367	-0.0024601	I
60368	-0.0028310	I
60369	-0.0031494	I
60370	-0.0033560	I
60371	-0.0034805	I
60372	-0.0034967	I
60373	-0.0033277	I
60374	-0.0029707	I
60375	-0.0026447	I
60376	-0.0025154	I
60377	-0.0026692	I
60378	-0.0032292	I
60379	-0.0041582	I
60380	-0.0053652	I
60381	-0.0066328	I
60382	-0.0077523	I
60383	-0.0085771	I
60384	-0.0090590	I
60385	-0.0092530	I
60386	-0.0092365	I
60387	-0.0091353	I
60388	-0.0090743	I
60389	-0.0091657	I
60390	-0.0093990	I
60391	-0.0097540	I
60392	-0.0102653	I
60393	-0.0108995	I
60394	-0.0116584	I
60395	-0.0124410	I
60396	-0.0131823	I
60397	-0.0137797	I
60398	-0.0141950	I
60399	-0.0144341	I
60400	-0.0144506	I
60401	-0.0142806	I
60402	-0.0139904	I
60403	-0.0137032	I
60404	-0.0135373	I
60405	-0.0136700	I
60406	-0.0141534	I
60407	-0.0149326	I
60408	-0.0158724	I
60409	-0.0167880	I
60410	-0.0174832	I
60411	-0.0178856	I
60412	-0.0179594	I
60413	-0.0178409	I
60414	-0.0175516	I
60415	-0.0172207	I
60416	-0.0169362	I
60417	-0.0166840	I
60418	-0.0166517	I
60419	-0.0167784	I
60420	-0.0170929	I
60421	-0.0175283	I
60422	-0.0180226	I
60423	-0.0185106	I
60424	-0.0189075	I
60425	-0.0191558	I
60426	-0.0192498	I
60427	-0.0191058	I
60428	-0.0187921	I
60429	-0.0183718	I
60430	-0.0180302	I
60431	-0.0178212	I
60432	-0.0177834	I
60433	-0.0180584	I
60434	-0.0186539	I
60435	-0.0194895	I
60436	-0.0203732	I
60437	-0.0211029	I
60438	-0.0215242	I
60439	-0.0216175	I
60440	-0.0213943	I
60441	-0.0209972	I
60442	-0.0205921	I
60443	-0.0202385	I
60444	-0.0199954	I
60445	-0.0199221	I
60446	-0.0199832	I
60447	-0.0201153	I
60448	-0.0203534	I
60449	-0.0206336	I
60450	-0.0209206	I
60451	-0.0211768	I
60452	-0.0213353	I
60453	-0.0213183	I
60454	-0.0211052	I
60455	-0.0207023	I
60456	-0.0202334	I
60457	-0.0197756	I
60458	-0.0194260	I
60459	-0.0193250	I
60460	-0.0194775	I
60461	-0.0198650	I
60462	-0.0204404	I
60463	-0.0210632	I
60464	-0.0215592	I
60465	-0.0218848	I
60466	-0.0219394	I
60467	-0.0216440	I
60468	-0.0210517	I
60469	-0.0203424	I
60470	-0.0195906	I
60471	-0.0188634	I
60472	-0.0182557	I
60473	-0.0178272	I
60474	-0.0174714	I
60475	-0.0170272	I
60476	-0.0165832	I
60477	-0.0161680	I
60478	-0.0156654	I
60479	-0.0149779	I
60480	-0.0140422	I
60481	-0.0129307	I
60482	-0.0116547	I
60483	-0.0103235	I
60484	-0.0089815	I
60485	-0.0076861	I
60486	-0.0066017	I
60487	-0.0058176	I
60488	-0.0052843	I
60489	-0.0049392	I
60490	-0.0047398	I
60491	-0.0044457	I
60492	-0.0038851	I
60493	-0.0030263	I
60494	-0.0019154	I
60495	-0.0005082	I
60496	0.0010719	I
60497	0.0027385	I
60498	0.0042562	I
60499	0.0057108	I
60500	0.0069776	I
60501	0.0080633	I
60502	0.0089966	I
60503	0.0098382	I
60504	0.0105944	I
60505	0.0112492	I
60506	0.0120088	I
60507	0.0128729	I
60508	0.0138535	I
60509	0.0149430	I
60510	0.0162059	I
60511	0.0174545	I
60512	0.0186530	I
60513	0.0197161	I
60514	0.0204508	I
60515	0.0208607	I
60516	0.0210522	I
60517	0.0211600	I
60518	0.0212767	I
60519	0.0215550	I
60520	0.0221326	I
60521	0.0229924	I
60522	0.0240263	I
60523	0.0252061	I
60524	0.0265460	I
60525	0.0278945	I
60526	0.0291058	I
60527	0.0302461	I
60528	0.0312169	I
60529	0.0320377	I
60530	0.0327287	I
60531	0.0333825	I
60532	0.0340138	I
60533	0.0347967	I
60534	0.0357092	I
60535	0.0368019	I
60536	0.0379662	I
60537	0.0393064	I
60538	0.0407087	I
60539	0.0420401	I
60540	0.0431462	I
60541	0.0439714	I
60542	0.0444441	I
60543	0.0445729	I
60544	0.0445232	I
60545	0.0444595	I
60546	0.0445464	I
60547	0.0449273	I
60548	0.0455861	I
60549	0.0465758	I
60550	0.0476446	I
60551	0.0488219	I
60552	0.0500008	I
60553	0.0510070	I
60554	0.0518305	I
60555	0.0524343	I
60556	0.0529082	I
60557	0.0532942	I
60558	0.0535605	I
60559	0.0538143	I
60560	0.0540226	I
60561	0.0543969	I
60562	0.0549429	I
60563	0.0556329	I
60564	0.0564307	I
60565	0.0572473	I
60566	0.0581131	I
60567	0.0588057	I
60568	0.0592557	I
60569	0.0593726	I
60570	0.0591649	I
60571	0.0585680	I
60572	0.0579166	I
60573	0.0572831	I
60574	0.0568857	I
60575	0.0567402	I
60576	0.0569108	I
60577	0.0573169	I
60578	0.0577839	I
60579	0.0582671	I
60580	0.0586559	I
60581	0.0588979	I
60582	0.0590378	I
60583	0.0590625	I
60584	0.0590197	I
60585	0.0589803	I
60586	0.0588359	I
60587	0.0587388	I
60588	0.0586926	I
60589	0.0587170	I
60590	0.0589010	I
60591	0.0591987	I
60592	0.0595450	I
60593	0.0599505	I
60594	0.0603417	I
60595	0.0605430	I
60596	0.0604088	I
60597	0.0599407	I
60598	0.0590172	I
60599	0.0578362	I
60600	0.0566125	I
60601	0.0556300	I
60602	0.0549607	I
60603	0.0546913	I
60604	0.0547455	I
60605	0.0550409	I
60606	0.0553405	I
60607	0.0556042	I
60608	0.0558279	I
60609	0.0558570	I
60610	0.0556859	I
60611	0.0553612	I
60612	0.0548978	I
60613	0.0543433	I
60614	0.0539099	I
60615	0.0536234	I
60616	0.0534948	I
60617	0.0535572	I
60618	0.0537686	I
60619	0.0541382	I
60620	0.0545806	I
60621	0.0549773	I
60622	0.0552809	I
60623	0.0553231	I
60624	0.0550745	I
60625	0.0545309	I
60626	0.0538190	I
60627	0.0529441	I
60628	0.0521344	I
60629	0.0516005	I
60630	0.0513388	I
60631	0.0513329	I
60632	0.0515649	I
60633	0.0519065	I
60634	0.0522203	I
60635	0.0523603	I
60636	0.0522818	I
60637	0.0520347	I
60638	0.0515822	I
60639	0.0510474	I
60640	0.0505410	I
60641	0.0500218	I
60642	0.0496303	I
60643	0.0494232	I
60644	0.0493933	I
60645	0.0495247	I
60646	0.0497840	I
60647	0.0501791	I
60648	0.0505928	I
60649	0.0509343	I
60650	0.0511482	I
60651	0.0511405	I
60652	0.0508605	I
60653	0.0503146	I
60654	0.0496681	I
60655	0.0489325	I
60656	0.0483583	I
60657	0.0480534	I
60658	0.0479505	I
60659	0.0481073	I
60660	0.0483659	I
60661	0.0486749	I
60662	0.0488232	I
60663	0.0487966	I
60664	0.0485236	I
60665	0.0480413	I
60666	0.0474784	I
60667	0.0468719	I
60668	0.0462839	I
60669	0.0458006	I
60670	0.0454669	I
60671	0.0452790	I
60672	0.0452471	I
60673	0.0454190	I
60674	0.0456819	I
60675	0.0459943	I
60676	0.0462673	I
60677	0.0464040	I
60678	0.0463344	I
60679	0.0459051	I
60680	0.0452691	I
60681	0.0444337	I
60682	0.0435819	I
60683	0.0429268	I
60684	0.0425308	I
60685	0.0424629	I
60686	0.0426615	I
60687	0.0430183	I
60688	0.0434857	I
60689	0.0439896	I
60690	0.0443560	I
60691	0.0445550	I
60692	0.0445879	I
60693	0.0444969	I
60694	0.0443484	I
60695	0.0441706	I
60696	0.0440976	I
60697	0.0441289	I
60698	0.0443637	I
60699	0.0447968	I
60700	0.0454701	I
60701	0.0461783	I
60702	0.0469314	I
60703	0.0475530	I
60704	0.0479003	I
60705	0.0480437	I
60706	0.0479105	I
60707	0.0474465	I
60708	0.0468143	I
60709	0.0461952	I
60710	0.0456971	I
60711	0.0454107	I
60712	0.0454315	I
60713	0.0457240	I
60714	0.0461476	I
60715	0.0466340	I
60716	0.0469810	I
60717	0.0471723	I
60718	0.0472286	I
60719	0.0470728	I
60720	0.0467736	I
60721	0.0463069	I
60722	0.0459161	I
60723	0.0456069	I
60724	0.0454397	I
60725	0.0454665	I
60726	0.0456433	I
60727	0.0459189	I
60728	0.0462958	I
60729	0.0467373	I
60730	0.0471608	I
60731	0.0474162	I
60732	0.0473812	I
60733	0.0470745	I
60734	0.0464809	I
60735	0.0456357	I
60736	0.0447383	I
60737	0.0439141	I
60738	0.0433147	I
60739	0.0431139	I
60740	0.0431809	I
60741	0.0433737	I
60742	0.0436746	I
60743	0.0440331	I
60744	0.0442572	I
60745	0.0443077	I
60746	0.0441771	I
60747	0.0438553	I
60748	0.0433951	I
60749	0.0428780	I
60750	0.0423703	I
60751	0.0419917	I
60752	0.0416988	I
60753	0.0415366	I
60754	0.0415048	I
60755	0.0416559	I
60756	0.0418462	I
60757	0.0420613	I
60758	0.0422162	I
60759	0.0422110	I
60760	0.0419335	I
60761	0.0413583	I
60762	0.0405118	I
60763	0.0394363	I
60764	0.0383605	I
60765	0.0374881	I
60766	0.0369248	I
60767	0.0366841	I
60768	0.0367877	I
60769	0.0370160	I
60770	0.0372362	I
60771	0.0373366	I
60772	0.0372508	I
60773	0.0369471	I
60774	0.0364610	I
60775	0.0358415	I
60776	0.0351960	I
60777	0.0345506	I
60778	0.0339808	I
60779	0.0335647	I
60780	0.0333442	I
60781	0.0332918	I
60782	0.0334435	I
60783	0.0337515	I
60784	0.0340553	I
60785	0.0343090	I
60786	0.0344385	I
60787	0.0343565	I
60788	0.0340409	I
60789	0.0334557	I
60790	0.0326140	I
60791	0.0316202	I
60792	0.0307244	I
60793	0.0300455	I
60794	0.0296529	I
60795	0.0295695	I
60796	0.0297827	I
60797	0.0300933	I
60798	0.0302921	I
60799	0.0303696	I
60800	0.0303047	I
60801	0.0300678	I
60802	0.0296892	I
60803	0.0293147	I
60804	0.0289807	I
60805	0.0287222	I
60806	0.0285467	I
60807	0.0284718	I
60808	0.0285607	I
60809	0.0287687	I
60810	0.0291352	I
60811	0.0295694	I
60812	0.0299968	I
60813	0.0303362	I
60814	0.0305341	I
60815	0.0305926	I
60816	0.0304257	I
60817	0.0299494	I
60818	0.0293263	I
60819	0.0285448	I
60820	0.0278859	I
60821	0.0275137	I
60822	0.0274509	I
60823	0.0277099	I
60824	0.0281134	I
60825	0.0285111	I
60826	0.0287994	I
60827	0.0289868	I
60828	0.0290301	I
60829	0.0289761	I
60830	0.0288497	I
60831	0.0287299	I
60832	0.0286740	I
60833	0.0286988	I
60834	0.0288788	I
60835	0.0293356	I
60836	0.0300291	I
60837	0.0308434	I
60838	0.0317679	I
60839	0.0327215	I
60840	0.0336073	I
60841	0.0342743	I
60842	0.0347921	I
60843	0.0350584	I
60844	0.0351268	I
60845	0.0350448	I
60846	0.0349044	I
60847	0.0349050	I
60848	0.0351139	I
60849	0.0358217	I
60850	0.0368204	I
60851	0.0379449	I
60852	0.0391584	I
60853	0.0403467	I
60854	0.0413882	I
60855	0.0422057	I
60856	0.0428531	I
60857	0.0434161	I
60858	0.0438823	I
60859	0.0443565	I
60860	0.0449210	I
60861	0.0456370	I
60862	0.0465965	I
60863	0.0477821	I
60864	0.0490790	I
60865	0.0503832	I
60866	0.0517660	I
60867	0.0530733	I
60868	0.0541865	I
60869	0.0550115	I
60870	0.0555761	I
60871	0.0558158	I
60872	0.0558262	I
60873	0.0559141	I
60874	0.0561069	I
60875	0.0563281	I
60876	0.0568023	I
60877	0.0574677	I
60878	0.0583578	I
60879	0.0591900	I
60880	0.0600000	I
60881	0.0606487	I
60882	0.0610552	I
60883	0.0612726	I
60884	0.0613727	I
60885	0.0614430	I
60886	0.0615251	I
60887	0.0617052	I
60888	0.0621353	I
60889	0.0627491	I
60890	0.0636339	I
60891	0.0647733	I
60892	0.0660351	I
60893	0.0673619	I
60894	0.0686522	I
60895	0.0698331	I
60896	0.0707590	I
60897	0.0714291	I
60898	0.0718324	I
60899	0.0719877	I
60900	0.0720369	I
60901	0.0721403	I
60902	0.0723909	I
60903	0.0728331	I
60904	0.0735807	I
60905	0.0745242	I
60906	0.0756245	I
60907	0.0767629	I
60908	0.0777675	I
60909	0.0786197	I
60910	0.0793169	I
60911	0.0798540	I
60912	0.0802899	I
60913	0.0806535	I
60914	0.0810433	I
60915	0.0814490	I
60916	0.0820002	I
60917	0.0827130	I
60918	0.0835958	I
60919	0.0845797	I
60920	0.0856269	I
60921	0.0866550	I
60922	0.0875544	I
60923	0.0882653	I
60924	0.0886644	I
60925	0.0888046	I
60926	0.0886504	I
60927	0.0882691	I
60928	0.0878766	I
60929	0.0876407	I
60930	0.0876305	I
60931	0.0877922	I
60932	0.0882760	I
60933	0.0889058	I
60934	0.0895493	I
60935	0.0900733	I
60936	0.0904231	I
60937	0.0905051	I
60938	0.0904253	I
60939	0.0901699	I
60940	0.0898864	I
60941	0.0897026	I
60942	0.0896456	I
60943	0.0897600	I
60944	0.0900231	I
60945	0.0903727	I
60946	0.0909727	I
60947	0.0916592	I
60948	0.0923952	I
60949	0.0930830	I
60950	0.0934758	I
60951	0.0936520	I
60952	0.0935933	I
60953	0.0932320	I
60954	0.0927150	I
60955	0.0921824	I
60956	0.0917511	I
60957	0.0915072	I
60958	0.0915914	I
60959	0.0920217	I
60960	0.0926474	I
60961	0.0933574	I
60962	0.0939932	I
60963	0.0944921	I
60964	0.0947517	I
60965	0.0947685	I
60966	0.0945855	I
60967	0.0942950	I
60968	0.0939499	I
60969	0.0936620	I
60970	0.0934834	I
60971	0.0933865	I
60972	0.0933238	I
60973	0.0935118	I
60974	0.0937419	I
60975	0.0940574	I
60976	0.0943525	I
60977	0.0944653	I
60978	0.0943029	I
60979	0.0938751	I
60980	0.0931221	I
60981	0.0921711	I
60982	0.0911224	I
60983	0.0900434	I
60984	0.0891140	I
60985	0.0884986	I
60986	0.0882069	I
60987	0.0881184	I
60988	0.0881735	I
60989	0.0881778	I
60990	0.0880036	I
60991	0.0875944	I
60992	0.0870888	I
60993	0.0864371	I
60994	0.0856435	I
60995	0.0849021	I
60996	0.0843032	I
60997	0.0838727	I
60998	0.0836543	I
60999	0.0835523	I
61000	0.0836133	I
61001	0.0837754	I
61002	0.0839950	I
61003	0.0842125	I
61004	0.0842934	I
61005	0.0841718	I
61006	0.0837387	I
61007	0.0830318	I
61008	0.0820685	I
61009	0.0809568	I
61010	0.0798210	I
61011	0.0787751	I
61012	0.0780143	I
61013	0.0775125	I
61014	0.0773653	I
61015	0.0774337	I
61016	0.0775758	I
61017	0.0776071	I
61018	0.0773986	I
61019	0.0769731	I
61020	0.0764697	I
61021	0.0759769	I
61022	0.0755439	I
61023	0.0751674	I
61024	0.0749082	I
61025	0.0748365	I
61026	0.0749291	I
61027	0.0751983	I
61028	0.0756914	I
61029	0.0762133	I
61030	0.0767782	I
61031	0.0772759	I
61032	0.0775547	I
61033	0.0776216	I
61034	0.0773663	I
61035	0.0769038	I
61036	0.0762560	I
61037	0.0755368	I
61038	0.0749100	I
61039	0.0744353	I
61040	0.0741508	I
61041	0.0740677	I
61042	0.0741632	I
61043	0.0743601	I
61044	0.0744805	I
61045	0.0743588	I
61046	0.0740229	I
61047	0.0734682	I
61048	0.0728589	I
61049	0.0722576	I
61050	0.0717705	I
61051	0.0714293	I
61052	0.0713216	I
61053	0.0714189	I
61054	0.0716599	I
61055	0.0721096	I
61056	0.0726584	I
61057	0.0732631	I
61058	0.0738290	I
61059	0.0742071	I
61060	0.0743241	I
61061	0.0741758	I
61062	0.0737310	I
61063	0.0730556	I
61064	0.0722113	I
61065	0.0714667	I
61066	0.0708888	I
61067	0.0705113	I
61068	0.0703713	I
61069	0.0703840	I
61070	0.0705716	I
61071	0.0706657	I
61072	0.0706649	I
61073	0.0703761	I
61074	0.0699091	I
61075	0.0692655	I
61076	0.0685733	I
61077	0.0679617	I
61078	0.0674761	I
61079	0.0671882	I
61080	0.0671427	I
61081	0.0672917	I
61082	0.0676529	I
61083	0.0681064	I
61084	0.0686715	I
61085	0.0691976	I
61086	0.0696475	I
61087	0.0699030	I
61088	0.0699026	I
61089	0.0695673	I
61090	0.0689774	I
61091	0.0682977	I
61092	0.0675823	I
61093	0.0670139	I
61094	0.0665926	I
61095	0.0663815	I
61096	0.0664241	I
61097	0.0667069	I
61098	0.0670413	I
61099	0.0672225	I
61100	0.0672051	I
61101	0.0669109	I
61102	0.0663788	I
61103	0.0656692	I
61104	0.0648511	I
61105	0.0641097	I
61106	0.0634948	I
61107	0.0630991	I
61108	0.0629294	I
61109	0.0627760	I
61110	0.0626815	I
61111	0.0626413	I
61112	0.0626603	I
61113	0.0625260	I
61114	0.0621760	I
61115	0.0616010	I
61116	0.0608240	I
61117	0.0598381	I
61118	0.0586914	I
61119	0.0575069	I
61120	0.0564633	I
61121	0.0556372	I
61122	0.0551637	I
61123	0.0549352	I
61124	0.0549061	I
61125	0.0548401	I
61126	0.0546935	I
61127	0.0543316	I
61128	0.0536880	I
61129	0.0528355	I
61130	0.0519295	I
61131	0.0509688	I
61132	0.0500293	I
61133	0.0491948	I
61134	0.0485652	I
61135	0.0481386	I
61136	0.0479247	I
61137	0.0478031	I
61138	0.0477547	I
61139	0.0477033	I
61140	0.0475828	I
61141	0.0472924	I
61142	0.0468333	I
61143	0.0461228	I
61144	0.0452246	I
61145	0.0440889	I
61146	0.0428453	I
61147	0.0415947	I
61148	0.0405424	I
61149	0.0397725	I
61150	0.0392793	I
61151	0.0389978	I
61152	0.0388375	I
61153	0.0386405	I
61154	0.0383144	I
61155	0.0377857	I
61156	0.0370732	I
61157	0.0362001	I
61158	0.0352408	I
61159	0.0343501	I
61160	0.0335535	I
61161	0.0329216	I
61162	0.0324955	I
61163	0.0322356	I
61164	0.0320589	I
61165	0.0320895	I
61166	0.0321116	I
61167	0.0321699	I
61168	0.0321979	I
61169	0.0320530	I
61170	0.0316958	I
61171	0.0309688	I
61172	0.0301508	I
61173	0.0291746	I
61174	0.0281261	I
61175	0.0271589	I
61176	0.0263847	I
61177	0.0259097	I
61178	0.0256980	I
61179	0.0256097	I
61180	0.0255247	I
61181	0.0252286	I
61182	0.0246431	I
61183	0.0237510	I
61184	0.0227533	I
61185	0.0216859	I
61186	0.0207024	I
61187	0.0198498	I
61188	0.0190565	I
61189	0.0185124	I
61190	0.0180593	I
61191	0.0178133	I
61192	0.0177649	I
61193	0.0177749	I
61194	0.0178100	I
61195	0.0177403	I
61196	0.0175059	I
61197	0.0170454	I
61198	0.0164204	I
61199	0.0156327	I
61200	0.0147522	I
61201	0.0138069	I
61202	0.0129129	I
61203	0.0122402	I
61204	0.0118527	I
61205	0.0117620	I
61206	0.0119162	I
61207	0.0121283	I
61208	0.0122963	I
61209	0.0123322	I
61210	0.0122361	I
61211	0.0120035	I
61212	0.0116497	I
61213	0.0113317	I
61214	0.0111436	I
61215	0.0111492	I
61216	0.0112704	I
61217	0.0116208	I
61218	0.0120895	I
61219	0.0126976	I
61220	0.0133609	I
61221	0.0139776	I
61222	0.0145168	I
61223	0.0148548	I
61224	0.0148932	I
61225	0.0146858	I
61226	0.0142242	I
61227	0.0136300	I
61228	0.0129108	I
61229	0.0122663	I
61230	0.0116400	I
61231	0.0113444	I
61232	0.0112523	I
61233	0.0114140	I
61234	0.0116449	I
61235	0.0118271	I
61236	0.0118111	I
61237	0.0115424	I
61238	0.0110702	I
61239	0.0104559	I
61240	0.0098753	I
61241	0.0094333	I
61242	0.0092049	I
61243	0.0092113	I
61244	0.0093717	I
61245	0.0097464	I
61246	0.0102797	I
61247	0.0108886	I
61248	0.0115749	I
61249	0.0121804	I
61250	0.0126823	I
61251	0.0129625	I
61252	0.0129404	I
61253	0.0127091	I
61254	0.0122625	I
61255	0.0117560	I
61256	0.0112624	I
61257	0.0108216	I
61258	0.0105944	I
61259	0.0105572	I
61260	0.0107386	I
61261	0.0110854	I
61262	0.0114646	I
61263	0.0117131	I
61264	0.0116192	I
61265	0.0111490	I
61266	0.0103868	I
61267	0.0094476	I
61268	0.0085003	I
61269	0.0077272	I
61270	0.0071953	I
61271	0.0068895	I
61272	0.0067347	I
61273	0.0067861	I
61274	0.0068563	I
61275	0.0069868	I
61276	0.0070911	I
61277	0.0070606	I
61278	0.0068940	I
61279	0.0064878	I
61280	0.0059021	I
61281	0.0050754	I
61282	0.0041646	I
61283	0.0032718	I
61284	0.0024177	I
61285	0.0017229	I
61286	0.0012148	I
61287	0.0009581	I
61288	0.0009204	I
61289	0.0008859	I
61290	0.0006855	I
61291	0.0002210	I
61292	-0.0005075	I
61293	-0.0015221	I
61294	-0.0026654	I
61295	-0.0038602	I
61296	-0.0050573	I
61297	-0.0061773	I
61298	-0.0071201	I
61299	-0.0078993	I
61300	-0.0085843	I
61301	-0.0089848	I
61302	-0.0094664	I
61303	-0.0099836	I
61304	-0.0106307	I
61305	-0.0114083	I
61306	-0.0123494	I
61307	-0.0134728	I
61308	-0.0148079	P
61309	-0.0163077	P
61310	-0.0178616	P
61311	-0.0193296	P
61312	-0.0205929	P
61313	-0.0215828	P
61314	-0.0222951	P
61315	-0.0228101	P
61316	-0.0232661	P
61317	-0.0238315	P
61318	-0.0246392	P
61319	-0.0257520	P
61320	-0.0271641	P
61321	-0.0288307	P
61322	-0.0306324	P
61323	-0.0324192	P
61324	-0.0340860	P
61325	-0.0355419	P
61326	-0.0367443	P
61327	-0.0377194	P
61328	-0.0385166	P
61329	-0.0391945	P
61330	-0.0398381	P
61331	-0.0405303	P
61332	-0.0413406	P
61333	-0.0423360	P
61334	-0.0435570	P
61335	-0.0450153	P
61336	-0.0466829	P
61337	-0.0484841	P
61338	-0.0503069	P
61339	-0.0520293	P
61340	-0.0535469	P
61341	-0.0548037	P
61342	-0.0558222	P
61343	-0.0567092	P
61344	-0.0576068	P
61345	-0.0586410	P
61346	-0.0598891	P
61347	-0.0613639	P
61348	-0.0630138	P
61349	-0.0647508	P
61350	-0.0664746	P
61351	-0.0680900	P
61352	-0.0695241	P
61353	-0.0707420	P
61354	-0.0717482	P
61355	-0.0725773	P
61356	-0.0732859	P
61357	-0.0739440	P
61358	-0.0746282	P
61359	-0.0754099	P
61360	-0.0763461	P
61361	-0.0774735	P
61362	-0.0788005	P
61363	-0.0803097	P
61364	-0.0819511	P
61365	-0.0836393	P
61366	-0.0852614	P
61367	-0.0867052	P
61368	-0.0878938	P
61369	-0.0888249	P
61370	-0.0895775	P
61371	-0.0902870	P
61372	-0.0910992	P
61373	-0.0921172	P
61374	-0.0933702	P
61375	-0.0948143	P
61376	-0.0963536	P
61377	-0.0978799	P
61378	-0.0992994	P
61379	-0.1005432	P
61380	-0.1015732	P
61381	-0.1023852	P
61382	-0.1030035	P
61383	-0.1034720	P
61384	-0.1038542	P
61385	-0.1042238	P
61386	-0.1046517	P
61387	-0.1051960	P
61388	-0.1058982	P
61389	-0.1067727	P
61390	-0.1078122	P
61391	-0.1089821	P
61392	-0.1102185	P
61393	-0.1114321	P
61394	-0.1125229	P
61395	-0.1134054	P
61396	-0.1140421	P
61397	-0.1144710	P
61398	-0.1148030	P
61399	-0.1151868	P
61400	-0.1157546	P
61401	-0.1165704	P
61402	-0.1176108	P
61403	-0.1187805	P
61404	-0.1199513	P
61405	-0.1210063	P
61406	-0.1218659	P
61407	-0.1224943	P
61408	-0.1228905	P
61409	-0.1230826	P
61410	-0.1231168	P
61411	-0.1230551	P
61412	-0.1229697	P
61413	-0.1229354	P
61414	-0.1230174	P
61415	-0.1232614	P
61416	-0.1238701	P
61417	-0.1246563	P
61418	-0.1255848	P
61419	-0.1265966	P
61420	-0.1276150	P
61421	-0.1285537	P
61422	-0.1293335	P
61423	-0.1299065	P
61424	-0.1302824	P
61425	-0.1305400	P
61426	-0.1308123	P
61427	-0.1312456	P
61428	-0.1319434	P
61429	-0.1329264	P
61430	-0.1341237	P
61431	-0.1354034	P
61432	-0.1366202	P
61433	-0.1376617	P
61434	-0.1384689	P
61435	-0.1390342	P
61436	-0.1393857	P
61437	-0.1395734	P
61438	-0.1396602	P
61439	-0.1397181	P
61440	-0.1398219	P
61441	-0.1400404	P
61442	-0.1404258	P
61443	-0.1410054	P
61444	-0.1417767	P
61445	-0.1427060	P
61446	-0.1437332	P
61447	-0.1447790	P
61448	-0.1457578	P
61449	-0.1465932	P
61450	-0.1472372	P
61451	-0.1476879	P
61452	-0.1480021	P
61453	-0.1482897	P
61454	-0.1486899	P
61455	-0.1493273	P
61456	-0.1502670	P
61457	-0.1514860	P
61458	-0.1528799	P
61459	-0.1542996	P
61460	-0.1556013	P
61461	-0.1566866	P
61462	-0.1575181	P
61463	-0.1581100	P
61464	-0.1585105	P
61465	-0.1587855	P
61466	-0.1590089	P
61467	-0.1592571	P
61468	-0.1596019	P
61469	-0.1601030	P
61470	-0.1607980	P
61471	-0.1616965	P
61472	-0.1627756	P
61473	-0.1639802	P
61474	-0.1652303	P
61475	-0.1664324	P
61476	-0.1675003	P
61477	-0.1683772	P
61478	-0.1690531	P
61479	-0.1695742	P
61480	-0.1700372	P
61481	-0.1705691	P
61482	-0.1712958	P
61483	-0.1723046	P
61484	-0.1736157	P
61485	-0.1751710	P
61486	-0.1768520	P
61487	-0.1785172	P
61488	-0.1800461	P
61489	-0.1813702	P
61490	-0.1824803	P
61491	-0.1834142	P
61492	-0.1842372	P
61493	-0.1850236	P
61494	-0.1858449	P
61495	-0.1867607	P
61496	-0.1878110	P
61497	-0.1890098	P
61498	-0.1903427	P
61499	-0.1917698	P
61500	-0.1932319	P
61501	-0.1946561	P
61502	-0.1959606	P
61503	-0.1970656	P
61504	-0.1979120	P
61505	-0.1984835	P
61506	-0.1988202	P
61507	-0.1990157	P
61508	-0.1991950	P
61509	-0.1994836	P
61510	-0.1999750	P
61511	-0.2007073	P
61512	-0.2016536	P
61513	-0.2027300	P
61514	-0.2038202	P
61515	-0.2048087	P
61516	-0.2056105	P
61517	-0.2061854	P
61518	-0.2065376	P
61519	-0.2067036	P
61520	-0.2067376	P
61521	-0.2067009	P
61522	-0.2066515	P
61523	-0.2066376	P
61524	-0.2067140	P
61525	-0.2069420	P
61526	-0.2073367	P
61527	-0.2078570	P
61528	-0.2084205	P
61529	-0.2089470	P
61530	-0.2093633	P
61531	-0.2095847	P
61532	-0.2095904	P
61533	-0.2093492	P
61534	-0.2090039	P
61535	-0.2087351	P
61536	-0.2085900	P
61537	-0.2085863	P
61538	-0.2087319	P
61539	-0.2090929	P
61540	-0.2095351	P
61541	-0.2100243	P
61542	-0.2103810	P
61543	-0.2104800	P
61544	-0.2103394	P
61545	-0.2099617	P
61546	-0.2094210	P
61547	-0.2087300	P
61548	-0.2080319	P
61549	-0.2073135	P
61550	-0.2067113	P
61551	-0.2062316	P
61552	-0.2059504	P
61553	-0.2058553	P
61554	-0.2059133	P
61555	-0.2061243	P
61556	-0.2064018	P
61557	-0.2066380	P
61558	-0.2068074	P
61559	-0.2067277	P
61560	-0.2064926	P
61561	-0.2060190	P
61562	-0.2055429	P
61563	-0.2050736	P
61564	-0.2047717	P
61565	-0.2046845	P
61566	-0.2048407	P
61567	-0.2052017	P
61568	-0.2054979	P
61569	-0.2056470	P
61570	-0.2055506	P
61571	-0.2051998	P
61572	-0.2045559	P
61573	-0.2036530	P
61574	-0.2026115	P
61575	-0.2015123	P
61576	-0.2004006	P
61577	-0.1994010	P
61578	-0.1984723	P
61579	-0.1977034	P
61580	-0.1971495	P
61581	-0.1967491	P
61582	-0.1964998	P
61583	-0.1963296	P
61584	-0.1962062	P
61585	-0.1959721	P
61586	-0.1955943	P
61587	-0.1949627	P
61588	-0.1941439	P
61589	-0.1932474	P
61590	-0.1923511	P
61591	-0.1915515	P
61592	-0.1909495	P
61593	-0.1906058	P
61594	-0.1905083	P
61595	-0.1904829	P
61596	-0.1903684	P
61597	-0.1900866	P
61598	-0.1894757	P
61599	-0.1886112	P
61600	-0.1874596	P
61601	-0.1861514	P
61602	-0.1847829	P
61603	-0.1833378	P
61604	-0.1820232	P
61605	-0.1808160	P
61606	-0.1797352	P
61607	-0.1788351	P
61608	-0.1780715	P
61609	-0.1774041	P
61610	-0.1768548	P
61611	-0.1763930	P
61612	-0.1759417	P
61613	-0.1753496	P
61614	-0.1745434	P
61615	-0.1735673	P
61616	-0.1725185	P
61617	-0.1714961	P
61618	-0.1706742	P
61619	-0.1700654	P
61620	-0.1698313	P
61621	-0.1698794	P
61622	-0.1701251	P
61623	-0.1704011	P
61624	-0.1705167	P
61625	-0.1703730	P
61626	-0.1698762	P
61627	-0.1691055	P
61628	-0.1681130	P
61629	-0.1670260	P
61630	-0.1659027	P
61631	-0.1647949	P
61632	-0.1637856	P
61633	-0.1628604	P
61634	-0.1621520	P
61635	-0.1616515	P
61636	-0.1613590	P
61637	-0.1612004	P
61638	-0.1609890	P
61639	-0.1607205	P
61640	-0.1604329	P
61641	-0.1599545	P
61642	-0.1592817	P
61643	-0.1584641	P
61644	-0.1576306	P
61645	-0.1568281	P
61646	-0.1562406	P
61647	-0.1559856	P
61648	-0.1560393	P
61649	-0.1563157	P
61650	-0.1567581	P
61651	-0.1572001	P
61652	-0.1574118	P
61653	-0.1573591	P
61654	-0.1569729	P
61655	-0.1563209	P
61656	-0.1555599	P
61657	-0.1547983	P
61658	-0.1540007	P
61659	-0.1533925	P
61660	-0.1527850	P
61661	-0.1522630	P
61662	-0.1518946	P
61663	-0.1516643	P
61664	-0.1514869	P
61665	-0.1513219	P
61666	-0.1510725	P
61667	-0.1506749	P
61668	-0.1500956	P
61669	-0.1493853	P
61670	-0.1485440	P
61671	-0.1476697	P
61672	-0.1468386	P
61673	-0.1462187	P
61674	-0.1458729	P
61675	-0.1457867	P
61676	-0.1459992	P
61677	-0.1464664	P
61678	-0.1470409	P
61679	-0.1474985	P
61680	-0.1478001	P
